metric,baseline_median,candidate_median,change_percent,baseline_min,baseline_max,candidate_min,candidate_max,baseline_iqr,candidate_iqr,checksum
layout_dfc,48.0,48.0,0.0,48.0,48.0,48.0,48.0,0.0,0.0,0
clean_indexed,81.4832,49.4033,-39.36995601547313,77.1536,95.6338,45.3533,51.7975,3.0574999999999903,5.3962999999999965,76666836
clean_iterator,61.2479,61.7581,0.8330081521162214,57.3018,64.7396,57.9701,74.8575,4.5137,4.372399999999999,25555612
clean_quoted_indexed,90.6001,78.0938,-13.803847898622623,88.3762,95.274,75.8269,83.2574,5.6434,2.9452,100666884
dirty_indexed,86.0969,53.6648,-37.66930052069238,82.4714,96.3079,49.6732,64.375,5.300000000000011,8.205999999999996,76669560
dirty_iterator,60.2804,62.677,3.975753312851271,57.3193,66.6726,61.254,80.5874,7.524099999999997,6.570299999999996,25556520
mapped_indexed,86.7973,53.584,-38.26536078887247,83.3691,91.7942,51.8408,77.3931,4.9636,4.482600000000005,76669560
mapped_iterator,61.8414,61.8363,-0.008246902560415936,58.6402,68.7473,59.5207,68.0847,5.298800000000007,2.5752000000000024,25556520
chunk_parallel,175.4507,130.2794,-25.74586479278794,155.0051,195.7814,117.0433,145.4327,24.6738,15.068200000000004,21007980
